soil_moisture,temperature,humidity,rainfall,irrigate
39.963209507789,35.94485142059236,33.884969662896474,15.572453554086541,1
86.05714451279329,31.082890990323612,60.64257105337686,14.375456328891929,0
68.5595153449124,24.285828488589832,85.47093769073062,0.7692619741930706,0
57.89267873576293,39.41385059120846,74.91686648071709,10.237434828784691,0
22.48149123539492,35.54193517661638,80.49208608960873,11.405868563575712,1
22.479561626896214,19.87850818034674,69.4087525033038,11.964683426907015,1
14.646688973455957,42.32781553481527,71.92074233883893,17.40517107681997,1
79.29409166199481,39.67611728769507,83.68967386739894,16.008076401806353,0
58.0892009394567,43.49399739875772,38.72510066443894,18.23715278380334,1
66.64580622368364,36.7715852516508,56.70687227323553,22.94649784626385,0
11.646759543664196,33.402455878073695,36.59070813647017,24.389572161482803,1
87.59278817295954,27.547291088718566,94.07510059974852,21.543692286794833,0
76.59541126403374,42.9818545006204,90.804450476496,28.665710878648042,0
26.987128854262092,40.98191668501225,22.957010852637943,0.5469774802908489,1
24.54599737656805,16.356560103185682,72.91813793867664,5.873339570506383,1
24.672360788274705,15.79100923491756,89.39362380617494,0.2268862493442636,1
34.33937943676302,26.293901006341486,33.543150884550016,19.42424142463809,1
51.98051453057903,39.31659992345499,62.59589229144721,26.94091646849961,0
44.55560149136926,44.618283879448335,88.66162231910315,7.304468897288978,0
33.298331215843355,19.512506733105845,22.545948393934914,27.8110363438892,1
58.94823157779036,32.82392146056405,72.30652004351299,1.8080217086868255,0
21.15950885216335,26.426725698930646,42.3011755529413,28.03308080416543,1
33.37157188281745,44.09743193443809,89.32971465323978,10.548680617189031,1
39.308947463495336,40.263567694071256,92.82936838740258,3.0426248534764957,1
46.48559873736288,40.149861141334135,90.81998668350754,14.576152775589769,0
72.81407691144109,29.06079479384911,55.566066249309785,7.7032970316152385,0
25.973902572668777,27.444585070129953,84.65319882419851,8.546187058857685,1
51.13875507308893,23.20221215792119,83.34120489013029,9.218698947788598,0
57.3931655089634,16.691264899527813,43.932535493244174,24.090776934979903,0
13.716033017599818,40.9416712876516,82.16866056130081,16.174838300257633,1
58.603588152115066,39.387030273902326,22.775572603661946,9.33923097468011,1
23.64192989498332,44.991530198583916,64.72024088615399,18.31001349932755,1
15.204127438822361,44.89910511221716,37.25066279657773,21.484520226695807,1
85.91084298026666,31.662951168078823,29.04251643329591,8.178720022006013,0
87.25056264596475,38.06962245541531,25.771490122190688,12.406473045760546,1
74.67178784931689,43.34297189647284,72.22165819086048,3.656582800108427,0
34.36910153386965,40.48942172032234,45.49062228260496,5.4344804860404095,1
17.81376912051071,22.42044305229593,74.35750786465711,20.433535618949485,1
64.73864212097254,28.516324059302804,24.901725559920678,5.443150430868808,0
45.21219949916811,18.87478245454485,43.64677533729578,15.754901510011805,0
19.763058787582306,43.621530817761666,60.461846928150294,21.27138785167298,1
49.614152808901615,33.1852390335264,79.30423736292227,3.206307692842315,1
12.751081689217472,21.85928416510388,43.90643771990524,17.019366588867108,1
82.74563216630257,35.15102053217571,66.94185323277569,7.696883511040912,0
30.702398528001353,33.543847213736875,86.44833111771403,28.887806257127394,1
63.00178274831856,25.744881540985215,66.18973911367284,14.506369401597741,0
34.93688608715288,18.40672776598887,37.47196060652253,24.179776493254742,1
51.605441694224865,35.14719586778399,21.830058616740352,16.506796264687853,1
53.73682234746237,30.6092310271138,85.25741554256975,1.302375985644575,1
24.788356442042165,38.16955175206918,21.595205813779035,18.994541267820672,1
87.56677022116469,30.604905033359803,85.60262545131495,28.54210026619971,0
72.01062586888916,40.5654450095562,59.670285052040896,18.048354604389935,0
85.15991532513513,31.557205163234567,90.43007738846721,24.575665782803707,0
81.5861880342119,31.828139146061588,79.90874268302491,26.526193900452235,0
57.83199830488681,41.29960807975035,94.84505829000031,6.842393158467974,0
83.74993880184934,27.104485986371913,46.30338615887826,6.361345197246799,0
17.07940016415356,19.02045685351922,77.53912166983451,18.32942966552975,1
25.678628993531618,15.863480289400169,50.144818520693164,12.330854094201142,1
13.618183112843045,37.65411767020857,55.990671522793164,25.19583908600161,1
36.02642646106115,33.60928654060394,67.06290974137775,27.000693701940335,1
41.09418317515856,36.12239304297671,85.52578356397541,10.602641379081543,0
31.70792254191167,21.388924845267322,93.80626018994714,7.106116769234462,1
76.29900073215435,19.09114426760309,77.62050603983886,23.415765457315853,0
38.540266135487144,15.436339970036459,51.33250866255003,8.244181066444083,1
32.47476077499046,25.51762676419791,51.601775170780265,24.67842955541035,1
53.41568665265988,32.69753060563899,75.31867261916686,12.712147609462885,0
21.27393799798101,26.76732135299197,37.908285932622675,20.026496978744113,1
74.17575846032318,28.124247660711873,28.285558484854597,2.8660594150400454,0
15.964051494381666,42.12476083481245,46.59666182305824,18.71577974029719,1
88.95095492804138,25.44766401069901,41.54292437405613,13.553030362116873,0
71.77958154373259,30.419684674794325,42.223109034199254,17.59825389526422,0
25.897254522733792,38.50959038223429,37.52058132874325,5.040426232345903,1
10.441769369888192,26.896283469638107,23.15698922272714,22.106212348325464,1
75.23691427638673,33.662601006836205,21.340545105006036,25.883912326296855,0
66.54858750780937,40.87091126240236,94.07917923020237,6.50219400272327,0
68.32057344327899,43.485618709729266,52.082985030189676,2.871436665604852,0
71.70162773487566,19.41220442787114,48.82449853697612,0.7091575813900919,0
15.923572138727229,42.79762875484484,70.97354620198024,19.25914501329798,1
38.67725828354181,29.763488792386145,36.369041589879814,18.212821082663424,1
19.269524762010377,22.74733164896875,91.2470887962669,16.4009223814221,1
79.04827407004748,28.77407268714784,78.9758760811664,6.958412883479262,0
59.86385014620463,44.40097725856431,26.705825173419463,11.72717987716544,1
36.471841988211935,29.77854281978609,51.31855818386963,17.834290055585193,1
15.08466802288189,24.862548308625247,85.93387306716235,14.903005765775081,1
34.878585737252976,34.00202562950177,90.85490167185577,29.63356560644662,1
36.014665762139764,22.204368563345792,55.05511334374023,4.093192576701994,1
68.36849426704512,17.275899843259918,66.00585419080308,20.854336621427812,0
61.00459770841705,18.866391657319475,32.52754595690564,12.129563043128764,0
80.97701940610612,18.841375168733173,94.33764696027325,12.845988447768443,0
47.777194012955945,19.55708080536883,37.37537760375825,21.527932969745287,0
19.567539675064136,19.164815179482304,90.70488306013442,20.77308453973109,1
67.0595829778396,34.226242344096434,68.72349867442763,29.73767981106565,0
70.8628038893518,20.456402531974344,65.58025961591443,3.851828683623757,0
54.9021758055597,25.370018499715897,58.45163832623815,3.1232894815249903,1
71.67737439636488,41.90365229718036,37.3002358788319,21.730164513862235,1
49.50364770915126,29.218849207886173,33.23960240041312,17.351607510192274,0
51.818626350559526,35.02673215563081,36.53646568026315,8.224819996794176,1
44.20328146868397,20.169596136048895,33.98286966081909,2.382581069669598,1
12.033530139527615,20.768670564260123,78.4688355175065,2.569747487892916,1
18.631314159464356,16.226058487994365,46.25939443750475,26.825726239923547,1
12.51433485493874,20.068051892164938,24.338200742254728,5.756019741562287,1
60.91283290110243,23.35771017095876,92.68269726056084,9.701146863465622,0
35.148478486106136,20.310314528302406,86.28394137225693,6.799692066809641,1
50.685655293176225,17.661076012711668,89.58142123964097,10.649889174958119,0
82.60531791408744,18.619076133018023,94.61808669848264,2.082715282382801,0
29.943378331909997,28.823363040981775,33.04214369146155,15.57179372724811,1
42.830633842850375,21.190011552173775,49.7181514176994,2.028376907766447,1
70.4440910834439,25.928095831442263,76.86788567780684,24.010695234670848,0
28.303853239329797,30.10251812564571,72.20154635403442,7.011362457312991,1
16.158392786303438,35.71184485888096,31.54219297548913,16.200357438135317,1
33.180116233101444,16.179364195232967,81.18748437429633,26.402372626843746,1
22.897702980320354,38.98231196727128,36.83304288774955,19.526321071415826,1
84.37581218740584,33.83701168472723,36.78632111169673,15.988733596540058,0
74.64963036515336,17.452770958466157,60.273081717006015,9.730012593461268,0
60.67230052083388,41.20735872320331,64.47049511312774,9.990057391745937,0
79.71684721501742,42.626172015954396,63.50646558783584,20.084608655945704,0
74.29376615192916,16.832338795645914,26.861512804831616,29.824180836635026,0
24.925604710882865,23.30632944441611,85.80956469727853,19.855175695481357,1
81.40471987919823,39.18603839379184,39.920003194152955,16.733502521100746,1
53.147379353252056,37.447790711509754,29.713619096210312,21.919515307177384,1
74.595212413125,20.53563058069132,86.65610599017329,13.956168368511545,0
81.68730399387945,21.28047970010131,91.67386236723151,1.8042702780235564,0
35.44027799774911,26.11416308374146,84.6595712949088,16.868904476337296,1
18.80415396221414,29.53568955573064,80.71370560436586,28.728758535161408,1
28.234813003355335,33.54764314590888,69.14314854792663,5.259088270729789,1
44.1686230901005,26.067409187093173,61.31430279568545,20.700146724619973,0
75.44118127379944,28.876041483994435,26.524006993355762,6.028010659771694,0
78.85844666050747,37.4241281440127,50.6339909803024,16.074830534192436,0
10.556170442495256,16.100496086717936,47.95163877592355,2.9002934894015886,1
50.85978420620526,22.573108330320622,39.48153378202447,13.511128087745554,0
43.39288025190232,36.40048757653658,74.25650852664387,22.684899866857382,0
27.76862483765842,41.856205130615976,57.19068013090781,10.427145727169462,1
19.589229386694626,30.35032326346998,26.078466193073595,19.94735173461654,1
37.00921371229023,30.96340455795947,36.51374014623585,23.863498823691877,1
85.43277631300154,18.215160340193282,71.2444072744697,27.815334584383578,0
35.856234561660415,28.42237100470364,25.709814461772513,7.039262455663606,1
51.50324973946929,30.978517993650694,83.84051855365766,11.979477474279244,0
66.24151671161422,22.27411510904189,57.13598952604807,4.572480399912523,0
39.09036819034352,23.07729692848143,56.0439932994986,29.774505064751256,1
87.74256661767686,26.31852489313868,64.43058384946383,27.81002903772886,0
86.99578359536889,15.602135933331791,81.85107244438619,16.19871390841679,0
30.142583666029132,24.66237496749535,46.08569059266448,25.26099883129264,1
49.77988047139084,21.34344020989634,70.85121144192976,15.628739318161266,0
34.07026478534157,24.82492056533744,62.42989729968433,18.707570640082793,1
32.78723955019741,18.59286395457754,40.0271202627066,2.6737329634804983,1
12.950955788362624,41.71581842219685,85.89724897663685,22.658112614904237,1
58.76514671839175,32.80777360662146,79.80695162051961,3.8314045090570445,0
50.21432185830892,35.37306957433469,69.38388759938192,24.782028907575853,0
14.118300099999148,38.67513715822015,83.79362968206814,23.46084263011158,1
32.29171713892892,29.95326596787172,85.04706507198517,21.262340932289295,1
82.6612708773323,17.60760864262271,73.12722325362762,1.0848114157428634,0
29.164951253357792,31.113196254556435,82.77599962727541,9.093850678359859,1
21.591589767297847,32.60523354062637,72.31035962519627,7.893377097325286,1
49.15622082220504,37.3631842255299,71.01055788202254,10.804092224145572,0
88.85203632884806,27.94978638689038,66.39585336613882,2.6292824029151562,0
29.364421720920035,18.82740908386691,76.4537479668231,28.108734690931882,1
63.77084379247029,23.513277173961733,31.89538289698053,16.61406722137129,0
70.9295692262974,25.892468891959055,86.06530693991964,9.165729319740706,0
29.011003519391974,34.377517239948034,85.3882645808924,11.909445512228503,1
68.25730788894876,32.12334914006736,22.193546227591938,13.41607621514507,0
39.422650617540256,25.68290177693539,81.9362562923572,18.01783000081852,1
60.584466447486356,44.59545746378939,29.66524006050839,15.470382830894934,1
60.68237686087158,33.173244580706616,45.13391406943565,27.58175919643252,0
52.86197472598068,22.116803752079832,75.76311922187058,14.908904487174908,0
17.223181604352664,18.053474178612113,32.05699220362312,29.76474044469938,1
76.82419964713904,19.585774175529963,81.34752680892967,25.542748732352873,0
35.66240519773886,22.378731851535242,82.41006334683064,6.255315430720074,1
24.92148083198834,19.82044119778667,58.060080032062714,27.91785643931749,1
13.262011324381113,20.59701072153917,20.47894037876252,3.4909919365642827,1
57.27143545505935,23.55285506081541,41.52785998811846,24.52349125473575,0
64.2051489473826,20.201207858842643,66.26951887818066,11.418698804297403,0
11.327026314228492,41.90296273879275,93.58896335205677,26.339229613352085,1
50.96744466394248,17.407012369849266,67.38601452625014,26.041700703223512,0
28.119662015835036,30.735341687107642,39.48526857981199,24.177762003528635,1
61.61382323275599,27.311904809689846,67.55042773247085,23.70091308921184,0
23.949314320399317,44.47135850725819,60.49890347868916,9.140374172941224,1
65.27501904819728,18.36116706504157,78.48840463633577,2.4275784915375653,0
40.93882770404299,26.935667971372247,28.023547912021883,12.089405362954844,0
84.93839909893876,44.08411299826106,77.0770926876521,5.20573544959526,0
21.00167553167946,40.96521377681941,60.59499340070827,20.84853266707385,1
37.285308084020684,39.512162128478394,92.2244002894246,10.382991796133567,1
19.077881699247126,22.737084811348197,45.64041245290146,29.268306025797447,1
83.97548946228503,20.126627621701974,67.44664198504611,19.22916232035996,0
80.18714827047847,35.05929659773293,89.90210791325131,24.67441690903083,0
30.63533021721245,42.88127967382758,27.688229599300946,3.9757401822554526,1
62.79872368273432,31.702886790417892,90.29213654273383,25.860434468178678,0
75.37777601609727,32.14838068409699,71.59142917256099,27.68271571540183,0
54.41606492795699,23.399372809808526,25.087779432887892,14.611857564568076,0
52.37204626848052,38.084787995758106,42.57226752101122,18.187588132529324,0
29.348183272036135,20.6113124567257,73.11290664839612,22.944294027089864,1
17.44822142447194,24.71037709212731,25.051295110157877,5.245158817812376,1
81.77726063626613,27.763093158492502,63.662784513220494,15.076982293903272,0
82.03344457306643,30.228311360533652,45.941229271471755,11.959890833169393,0
60.64811658186144,22.272291972452408,66.56866383256079,4.391219764867474,0
37.122383283896056,18.445104742176106,23.430652535938464,11.026032668745943,1
37.93676596901287,33.31860127324897,85.36526046142822,2.045169281564807,1
68.07645430961915,23.65891659720767,93.01167268830477,0.7743572084846095,0
81.76882079620617,32.43714664267837,92.66583914642686,4.054988674644683,0
80.96691394120938,19.63088145822607,76.22388738071936,28.893453347675216,0
72.3900436686099,29.434203055644524,29.7564680097974,16.48588607685051,0
61.36253169234302,30.977682976547577,76.8697396946767,28.9746648345966,0
16.731197199603905,16.554706104672807,21.844018734410113,12.97493634990396,1
22.9302971275691,25.098128345817617,21.659266364674792,9.354483992557787,1
81.88433508216634,19.032440308169228,44.270766436215595,15.184255885207323,0
58.514324772767196,16.90124911418303,56.648239280349934,13.185350658987304,0
10.735764129330372,44.69880697169836,77.78055633558449,3.1699405278523174,1
18.11772342928257,24.67061534924169,71.24715324548788,19.224789440706186,1
63.08014152864446,39.29623337563905,53.44270297825612,6.481145475287988,0
10.404926707697495,22.639219642912916,40.52199997112494,18.587638646934888,1
22.86464411339989,35.44508166671788,94.78433751182834,19.5060327719446,1
53.89870314932689,37.80683579669059,51.96359766769797,4.560745593859443,1
65.35161581541546,32.86916221823533,53.85402682472566,1.8404888133200448,0
62.156900760208046,29.14728565650475,32.27178658937519,23.422847582053194,0
27.941544756844785,27.355227424418054,79.6107161562447,13.794012713079605,1
66.97433770780287,25.46604799628986,72.02616693361165,1.7449138651642737,0
28.979926999744006,42.88587432743478,36.55772095915703,29.845989515093013,1
36.03197585274142,39.918582233631874,26.178578421188202,1.733416829890999,1
69.71931240944193,43.95080731999538,71.03744765560347,20.851056865756597,0
61.97063192377718,18.72891670456634,69.08834107108514,29.510367757902408,0
77.93787283953424,36.92602425610933,40.4944645248657,7.175403126477768,0
62.60903138402747,43.150213704631135,91.31476716878078,4.267481060615886,0
55.464688266837726,20.436991984969804,31.329341883567515,3.641548182672867,0
17.493981426247398,16.994888021003327,52.42511007819515,9.098254427027866,1
39.41726424475468,37.23361947870177,90.77119401256992,3.0313743303194007,1
31.216189414538036,32.234193395397355,51.47954876945917,20.76484025082396,1
29.519171470326686,40.25486330274816,67.88944607480641,1.8687539439018808,1
87.84084438019565,19.193171298788684,49.81957984720957,15.28266384449369,0
41.44781797334083,38.858019355796706,40.566140176150256,29.900905615589302,0
81.36372441416907,21.048819601432335,93.79832359698712,24.419108085180564,0
60.49109007978103,19.909678285971136,50.700050473628224,18.456583146930328,0
73.58490428333187,19.92797393792979,87.05744027593508,9.18760862359835,0
50.21096744841537,39.43724160694146,37.24659544183146,18.716875088749156,1
56.15231077010873,34.955916620886,35.98285280188125,15.811243917349548,0
49.401415505509114,30.69196274307358,22.33505621633835,12.782501516711145,0
25.61943902384356,25.764914523705073,68.87501190319138,3.921311302205984,1
67.79616922092043,41.31601622439325,47.63947577928209,26.598126457214,0
32.46178899526846,26.773353222679063,84.82686873797277,13.493539464639676,1
11.945277314516307,39.497983184147316,55.49074300186679,5.838675354622952,1
61.63778367257343,28.17404725710655,92.61450709360413,11.032780526318689,0
24.168854352563915,26.308332882747226,33.91441367773409,12.42389257586781,1
85.23668674823314,28.880393570088195,85.1467375966708,24.82613686700623,0
86.31428616020699,24.04133622492426,78.24476395938063,22.00843141684206,0
83.18915121763588,37.428281405287535,77.81913834830391,23.079146809240193,0
39.61269602043555,30.081611702774374,83.35874210876658,0.3309379328594164,1
11.236529322309394,21.96638085440452,77.07679932072492,12.484619945392845,1
84.26548500701803,41.987237198237054,66.96652412235616,14.440324549059708,0
44.254731865385146,26.516736641196342,29.843365826179067,0.5757683046917006,1
87.33238552349357,31.306585833419657,22.439463461843893,7.794396262351027,0
87.08959816714022,42.19416332893641,89.06358858617651,22.80869469366405,0
78.24075643738881,33.72713987741976,66.24877358905536,4.113291171869972,0
33.55591136556686,18.506941221250923,79.74029682321321,16.05930394357775,1
40.807818288154024,43.19496370840425,56.11417636344125,6.456056160517125,0
78.09093372134855,33.83124159214253,28.798114172179588,0.3636232393167982,0
35.35376041250221,25.047168439712586,29.388934415191283,7.236043727986244,1
23.5594197348874,19.17816217990162,71.41739654217285,29.276212647301612,1
54.544100996668014,38.82075567810888,52.2729421174597,24.046113356489688,0
84.89238193286248,33.60218267785541,35.039354502525256,28.787299329631,0
65.68238373399784,31.003832759289647,56.86959100560777,14.635621317790873,0
55.604893607149194,41.816777491528725,24.815670280635057,3.292085960325105,1
17.77411950166148,38.65791633673592,63.64785514357991,16.43878466921079,1
59.20057813593358,19.550246391982533,40.17450533263232,13.631320036798826,0
89.20430800834106,24.351662033866447,79.81693254778912,25.330712482188478,0
21.20672121892192,22.45467419443397,43.277146919268034,2.942477423527338,1
51.46637218909894,37.31838877718031,54.14151118113509,14.647234110653345,0
80.18984575423643,16.005973042073382,20.87154049310755,4.501459940819528,0
69.26148942033635,32.0966905461395,25.433516584591917,9.7402778067018,0
65.76125927962144,37.87376057222072,49.43701673050136,22.120712321633988,0
66.19872671896874,41.30296910285249,55.99541260378426,14.280543881062997,0
38.75929209758041,25.262452461477224,65.00154110894778,11.27664855437308,1
33.487347541159465,39.637719140160385,41.87469340319774,11.834288357101059,1
74.74889243828109,18.318952108656216,72.1236414594907,13.7834030521796,0
74.80907157433447,40.39356875203555,84.50917978919034,23.550496315111708,0
79.3657854864083,18.824659869959472,78.48882416700124,26.76254066820703,0
83.05924420451771,26.918618716811018,22.971411901126785,28.66004059511785,0
50.90739190887503,38.91886097338661,56.03802104433717,23.607101587658853,0
50.12130357497597,19.497522820463214,27.869763381363114,9.462206872440381,0
73.86361431734201,21.877541856979246,38.15337618968956,20.644041182596265,0
61.99711446222121,36.66757705179199,93.99969449503598,13.128093721661758,0
66.15735018061628,36.601096096382236,30.687165717613492,7.6401186613815355,1
73.66341355488808,34.23442898655892,57.4166115088517,25.22614738277768,0
81.2004273454053,35.818453334013,66.36168007385893,1.15279046886975,0
37.03961254812286,31.281733300427884,72.68487279080779,27.052859764062706,1
40.04663621119552,22.553971767208584,61.973651261518555,13.844323938742026,0
17.51855518726952,25.370879805117582,20.732813556438774,19.116044304248412,1
56.26241127969392,20.44793150404277,44.48459811829939,19.78061766617348,0
12.875381903739367,42.25351684000885,58.82837325385336,26.85353222119609,1
47.24784145059681,32.50175384298362,26.5899874358625,19.10009046501622,0
53.411570776606126,27.025542502909197,46.297019840688556,18.418007542801853,0
32.92330017026275,28.860174109323978,22.490233159352492,1.9995612168206989,1
57.26666084552086,43.41850018835446,25.893387286626556,15.552240658356123,1
12.440019995123954,19.600542093482407,49.76924571511971,4.50507002451125,1
12.987855099937153,32.58689496050391,29.953681553229526,22.123013061644567,1
75.80804485277267,30.17666036653398,62.56556361961686,15.366657624380235,0
38.81525131290103,33.343627063039435,71.70987268529493,20.4068333762506,1
20.16484101215078,15.543305514625215,80.04400243318122,1.250187018071528,1
51.77946080438435,41.16371726832455,35.011268318360756,2.543760481374097,1
71.59948424788887,42.96354847450837,32.56119366943023,21.48970164188047,1
27.265682199747452,31.953995507676268,27.84258802508002,2.162530079960201,1
59.83123806552002,35.89952471630677,67.73226871577276,2.1377018329577577,0
16.82779719950144,42.67498143531887,72.9856794865176,0.3632542570466235,1
14.134537693488616,36.217159029401955,22.368960861923153,28.695041948984404,1
52.50837052545184,19.57617128742784,90.21591846827674,22.12525078377021,0
53.25080972880852,32.288650805004394,23.89784627386043,10.597542255061924,0
60.99439211985653,33.201451391485676,60.59722514758028,8.896067438629657,0
68.08730669781292,27.72392013907158,73.17953895881874,10.491096892375486,0
88.06816635700277,37.09332706874169,85.32268428095642,23.239605935435456,0
51.30402786409562,43.03101044307044,73.55651990993209,19.841118332112433,0
35.836517835299674,42.767055387203285,80.12960623023439,5.555867036024038,1
73.61489558149628,28.525181142123962,45.45876444071045,5.22328006002253,0
31.666580100965938,18.39714137522266,81.11188353098842,2.9518694914019195,1
45.11771365645089,44.54523596887004,26.008613478850634,19.809081591040144,1
16.276510507381275,40.166942593378025,87.11124920453958,22.93117986665208,1
12.0280594732366,18.739880436098005,61.069428211530216,7.951392849750121,1
87.01187317423401,42.625256478521166,81.29733274718703,0.6283488309273844,0
76.87840964097647,41.09689086186385,53.92387133887251,2.4651500242928206,0
65.67793648749584,30.56514171378216,68.26832713973937,29.035801045350915,0
42.71623555314159,32.73826307234788,59.48019957020849,8.863343324322608,0
23.86354560566766,26.970081116103906,74.8692141316499,23.07669443514401,1
22.514963413686885,16.64284916466094,26.122248652294218,18.739907065627914,1
30.019431853167625,25.05591724937703,24.526406299292283,11.458189189586877,1
53.938133176489636,39.085603457940344,38.532742550760986,6.170617865866653,1
67.16767381600499,15.138960690138086,31.965851008489125,3.641592544782193,0
62.8157901374185,25.004975150734325,85.38376749441512,18.450389041165998,0
32.39471175567543,26.9450608077283,36.44104905185333,23.239013419133638,1
86.38922245305552,31.121868088137685,93.18989418643484,19.31712760623392,0
69.03175333566148,42.59566849238281,45.26718438283301,15.90906399747475,0
54.34832420091205,25.390379830978837,33.658843676652445,1.258536702949088,1
58.93765969874818,25.40859605688683,79.22738803568593,29.054663327831513,0
43.568004994223195,37.125037443292456,69.40308316256571,23.961425749637236,0
29.818479160092597,28.566538226694213,57.36467873398542,8.784661101028941,1
38.47781429210093,21.73814468819946,61.65226632032234,29.39910988076552,1
70.62768883714952,28.5731854839808,73.94013337041979,18.056447689089662,0
11.15147909038047,19.225710611393996,37.1341055998474,17.472679746217395,1
19.2858112405533,20.2916095951867,94.72504370425564,22.442195382885963,1
13.68021136174022,29.951033182184393,93.10948716100873,24.353093642704128,1
13.258304185517611,27.56776348513644,68.77442647602027,19.69435821994508,1
78.43684672088058,42.445377032043,34.965683819685886,3.8428723909860008,1
66.29262875040189,25.871816973498994,71.01711818234685,10.148025179834953,0
47.93390632698602,32.4176505083413,25.414880673438187,27.842509209781493,0
17.82673285208012,33.96792863758591,22.298937665435453,6.7384683553155575,1
49.32927000934659,15.392833697650008,39.32621663834102,11.1650107151254,0
47.87774166244525,34.906121160501314,54.69672175544872,12.96230648832588,0
23.856149592801216,20.341079006092542,85.12043790562853,13.182149690833565,1
44.70813193903784,43.832109524083656,74.5376802324731,18.388187474835764,0
41.88037875178988,19.45988183259339,75.70298908999858,28.292275132341228,0
59.26800784417732,27.43872371181071,51.91200008360565,7.2207813549751485,0
60.8074920694115,17.560490042359316,45.945124441022216,3.645041289027542,0
13.624320781763561,44.90622755537842,47.8279072238452,5.924114695798119,1
39.9690091701177,30.065850309937275,94.07371728020433,26.607747006278085,1
60.06879325713891,32.86155051960131,23.008189355936185,19.37432437965618,0
50.250900686407014,17.012294321652824,85.02736220918364,8.577203677174804,0
78.51918729506578,37.498814111975335,63.40065564292951,24.47840816905852,0
62.6954905295156,21.297167792867572,52.89615643921928,25.84109989090308,0
23.034754166514375,41.94162868322141,74.39432453113524,25.39543016070834,1
15.645499792034387,21.154189214460217,56.50017060685271,27.567796009186633,1
61.39354225650525,20.720631619909998,85.50674285612455,7.567230605200848,0
12.120904843329745,16.096490035442848,87.55263980084439,22.65125786238835,1
56.86204650187706,29.162008353299978,51.62906951550916,13.8161849182242,0
85.2184193139966,31.945233997878493,40.76208479262887,25.259956586701847,0
56.03793423007032,16.97125918285057,64.42627464450217,21.854720314848397,0
41.05359409652175,38.26582850085032,88.42725092125183,23.293423394991738,0
61.463057475388254,28.598665042440828,35.799664175424994,19.684855130432144,0
46.660231239321334,30.7317080798274,66.7224937672612,5.322863084091206,0
53.6493431452748,28.222882408146845,67.36701650693904,16.35080756690815,0
85.317184702122,27.02289182625978,74.98347668114607,29.540092185735247,0
40.88821102406194,31.789209939246536,29.867576384544485,28.121641994913567,0
86.89524510591313,19.657207377921374,73.68687235115664,1.29521207391035,0
82.4280513564851,20.457843914858135,88.17743904992308,4.944444471883114,0
25.663290783143715,40.85356863040552,33.47623316526815,3.951863203636857,1
15.548904070013236,43.38346386400898,37.81574936929083,21.779397299558866,1
18.062240110194132,26.199279488392587,92.85463205312297,24.53355989570835,1
11.457746052123978,23.122340194306613,33.57327145321173,6.405340989320157,1
17.555436860474273,34.31998629717047,84.07888200271843,15.17558078855487,1
64.64054187330855,27.26202513294289,56.92083923360261,25.221090840336,0
15.695091876818319,15.761590669810346,38.54233058023828,21.98404634298752,1
35.5180504235009,19.68457792098571,85.30624259543835,16.26711616475545,1
77.59002487755636,36.47916686542193,53.39789412519991,17.710430713763188,0
11.86175485886607,34.76771825730454,58.611301544726764,15.250816407488399,1
75.15747860711487,15.812879775104506,46.94250270498243,8.926453539564617,0
32.548381981872,21.659164857988483,64.47131385761955,16.950659785770483,1
19.4531862097325,21.93224389764214,32.2642904438767,20.66655906150272,1
65.73897322913206,35.15678230796185,49.33111524888206,26.19968747582423,0
60.31542774239072,15.591316132630924,92.70592417514656,19.088740619377443,0
80.19776108216423,18.123257459537214,39.36000745258457,22.83364611129474,0
68.80568350431086,38.99748256119568,69.25524984059692,4.80214904863719,0
74.27847443078788,20.35633986163001,44.389254816852116,13.846724232593697,0
32.562765805704515,34.582383235556236,78.01048442649505,0.2799485948127989,1
24.195163502377824,22.145483431401797,29.815524553876237,7.400365935648691,1
70.04918013126867,17.983241782780354,92.73657838089085,21.793851453390147,0
74.54677914138112,22.295165729983623,54.03421560377294,29.754298540480903,0
89.24041136005387,36.66800795566978,37.703784750984795,2.975342987616477,1
43.00941415291412,40.67089404318857,25.51225604975095,12.044829475838647,1
39.761446863422655,39.90659593700975,32.731842881565555,24.002129060974784,1
72.11303685935974,26.915505888553646,58.98304614170132,6.121069038866965,0
37.264283220241424,35.042554097119385,45.27523823234647,16.65254847906859,1
84.46058604828518,21.14952886247463,82.16625244119571,21.992138880890245,0
78.67302014744095,23.794431907830397,52.31656427463545,18.47956350780537,0
44.319522190001464,41.89007455563359,38.653570444072244,5.640742038462484,1
70.06968542331978,15.39005770532208,66.28587399530225,10.661537060572183,0
70.36342992677459,17.56525592563404,73.00829126640843,23.513753534561918,0
18.24990950687461,21.23658765438082,32.52814309257124,16.6267954239605,1
82.20423253436533,15.795966116214592,32.57144122162383,0.1568884062873821,0
50.42018979582857,20.44306305269392,22.750357020015723,22.829722800842816,0
76.11659728861933,32.49124682909077,75.23015112992303,1.059340648207172,0
35.603968082448944,27.64273651777494,69.78533957163538,22.372013481936964,1
81.64185827969604,41.780151332309245,55.59731568123604,6.0744168049571226,0
41.13613429873305,39.523306852153226,83.31278367268979,28.742204403581407,0
10.867012118423869,25.254520550936277,80.42526147125399,11.038222539062534,1
82.4305581135411,22.782703002938774,63.901577329756414,9.807948490142373,0
17.302934142890685,26.390772245018006,85.1203460384944,4.46664150997334,1
35.54509100723319,32.70884827544423,35.43809075275762,9.168126464706447,1
86.0049573640644,23.041909224686286,28.39397145482959,26.299522854846018,0
86.04857175500449,33.72446723547402,40.231220863774226,29.89003012881742,0
55.87503104986289,27.282349565737213,24.281514206698613,11.04928591520545,0
60.54697697358394,31.561415425559407,59.8377146000774,13.458318928636277,0
45.87564175826558,28.0837958740595,90.2454269221221,21.66212814608211,0
33.456861735845166,23.83397278625753,22.95076555013822,26.585873413952235,1
36.29316362959328,43.4535992088647,29.15824355075201,17.791330025603525,1
63.801476486163075,37.908173824792826,53.91492712125765,11.74577094533488,0
70.1899623550144,19.203395272993575,90.04062631459287,12.378655225458711,0
73.32632349806788,41.05403927693739,43.71170787325629,20.868544394904205,0
73.16945142356431,29.62293594748541,58.04261065162943,0.09654790812836045,0
17.29648824389523,41.836566806822745,23.11796442877941,18.58768012379522,1
49.553624376206514,38.995657678419455,31.125740072156667,10.664790313240722,1
14.604700801331543,27.756405134077003,93.99725922191352,23.825919938312527,1
53.96231058589884,15.674079249603523,92.38390223270342,2.789719194693965,1
45.32244010987016,23.060320781548384,20.37049857008072,17.646068008451714,0
81.01633462066398,31.249026439826007,91.38588390674292,14.429186696583713,0
38.07320100416629,34.00434659478442,67.93399533616252,19.26976577715682,1
19.36536131420847,22.73663056299607,85.09387208900166,1.9456078344890504,1
21.43933456422687,19.180682222184725,54.105489172539436,17.399513622843937,1
70.92085053739778,40.04790710397897,58.66970214344377,16.844537638785713,0
59.45744506530089,44.532065421106566,56.66349351926901,16.819802832485127,0
18.08981408982322,30.770705469080575,70.01481931595782,18.104629997893646,1
16.728544489199795,20.150378575449103,30.47384410672347,20.294038116790865,1
66.0775305167296,23.169219795581068,22.248019240450848,24.149669990423092,0
15.821040509135482,15.551720296424001,43.09474561933932,8.09462160384643,1
75.7488047432285,42.428964196814974,72.85105720524851,24.75148230540186,0
66.4993781725197,18.532532486704234,35.139008909221126,14.94767046790361,0
16.50790245135198,32.29549426542761,70.5074324993688,2.3117483740299347,1
16.787017126815353,23.22165662061618,92.74340345804528,1.756527877319376,1
88.93116628009403,31.6253400754738,27.04255368420638,10.027149560881824,0
39.941663660489624,34.542611650555926,70.44515886688447,23.546909313344027,1
39.65137176535127,39.89225411121605,53.28126644784284,21.230428042227473,1
75.0239653806002,21.1926381528181,85.1106690783129,23.658448940172192,0
85.7798861907087,15.329874859754414,33.28623420855394,15.518071693248281,0
88.88008510582966,19.106568902064218,71.94694641696233,13.205969938664717,0
70.27025482071534,42.00055925544315,82.85864672360827,4.423575801188519,0
40.10076684247326,41.216702326875456,90.84606646055174,9.845782608279347,0
16.6800573358935,32.92239306510925,71.24360212172343,13.020580985216258,1
72.17175327419494,33.0155058130096,57.28810730063205,2.658012890388517,0
54.6723399788644,34.95110023638766,66.33854301509103,6.618358581336338,0
43.937760739758104,20.261138358703487,85.16787383590386,17.946758821912166,0
82.50835080757888,42.4323583777488,62.79573099791222,22.069893427175696,0
18.895798584492105,27.563115746762193,22.279029477262764,29.95042534178849,1
49.41000834326873,26.494155847484926,89.82115216302333,27.99339994030673,0
10.908291581393526,30.567531158485124,71.71450632736708,19.276955986055746,1
47.4928513595301,16.408979003251652,70.73850393329349,12.63744159882216,0
14.504262054546988,19.98850106268238,36.175636429828785,19.08532094124698,1
19.505433301445755,37.141008492791116,69.4164102674493,23.56954854240696,1
19.40209974216839,17.483960037753793,49.53983042406189,3.5500857277016196,1
61.93682416928509,33.09456328399165,68.8424732781119,12.297146690888647,0
69.68359034123387,22.36047329043963,27.994477273099303,25.194068569068516,0
56.66950120777277,26.678868421259295,69.3383978452277,11.51498855799132,0
86.97380387796335,23.660812103120996,94.9560294328,17.156168136815594,0
39.98964636189633,25.670181493948476,23.615902914541703,17.633080825865946,1
32.85696690254886,36.571377155527365,93.2880638165988,5.5342875940091805,1
79.48793025515683,23.91365146869525,50.518097054215296,10.867063249568652,0
27.88766708155621,31.992139208906917,85.30650877529443,10.035338662257963,1
87.0578031552489,29.28151206597299,78.6789113043705,0.7859012559619438,0
10.972357975185307,34.91013496087945,62.52621957400009,0.7257529167406573,1
87.59030613661112,43.10489217974274,75.38369069384949,24.950911310273202,0
13.452792956046089,36.977162916307506,85.88866709760109,8.192124299184373,1
81.29144909584569,21.448211357722702,50.31052412382748,15.542362987164463,0
52.21608872690399,15.93549405183854,44.5274871172429,8.961767207663192,0
89.43718368954403,22.867921328994754,70.06950391726886,28.220377353460215,0
15.903725178831909,32.852337921007646,80.58844564559439,7.778902765973212,1
54.30834275210566,16.54277440452751,77.17138510824618,12.889704382168052,0
87.54420284952792,29.890987416037092,79.83602366439759,26.181907514538054,0
51.847827533611905,32.90528546750667,52.66874861096998,25.25800700375426,0
60.351891050821,25.027316724508825,81.33756621312662,5.583042535388319,0
65.65989511876937,38.12736611237466,29.015679152795634,24.079299293871312,1
46.36328518142186,18.197947594013154,60.836682347063714,13.74560660213678,0
60.204646406725075,17.254133452074264,20.43189953735912,14.489066162560656,0
56.74514495384802,36.8456626861081,44.34393724252027,4.004399172478314,0
82.09264083927911,29.864739486185954,47.48461511535484,2.41804541271374,0
13.63571042731663,35.65207189283208,49.712951870694155,21.838179209212957,1
32.477055167378424,28.044820158112387,72.16004050173967,14.893834570658992,1
86.0329187261247,22.392060997173203,49.14185759527593,13.105521078455386,0
81.2211027112733,39.57306953022599,53.6520216966898,21.8852468595719,0
46.45254022285704,38.982476369069374,37.81580981557456,22.96538696973329,1
59.61060782412294,35.8408941256328,47.993884372200505,4.767245030080607,0
32.19049463849061,23.16435411689888,37.04522204473636,18.30675448432924,1
25.049692777900905,32.706920006072615,25.489694282633273,4.060622468330566,1
47.09587239519857,25.829216908200806,65.25864450360334,22.54125258087137,0
38.268178242084225,17.747462199799024,70.11595989162622,19.708654688014185,1
56.692488948069766,42.51940726386728,66.46177595072109,28.698438632503738,0
16.218770957198785,19.104558927568842,54.762053285042924,2.0687404906926354,1
87.95158461329332,43.50712061462407,48.48393351344224,1.7116416345376295,0
88.89685955836823,28.380173188738674,84.75002371788689,8.465612240796004,0
